Days,Rochester_N1,Rochester_N2,Rochester_SARS,Rochester_Cases,Stewartville_SARS,Stewartville_Cases,Byron_SARS,Byron_Cases
2/10/2021,10,12,10.90,17,,0,,2
2/11/2021,,,,9,,1,,3
2/12/2021,,,,23,,1,,2
2/13/2021,,,,18,,1,,1
2/14/2021,,,,13,,0,,0
2/15/2021,,,,19,,6,,1
2/16/2021,,,,17,,3,,6
2/17/2021,,,,23,,6,,1
2/18/2021,,,,25,,4,,0
2/19/2021,,,,9,,4,,0
2/20/2021,,,,8,,2,,0
2/21/2021,,,,8,,1,,0
2/22/2021,,,,15,,4,,0
2/23/2021,4,3,3.46,14,,2,,1
2/24/2021,,,,16,,2,,1
2/25/2021,,,,14,,2,,1
2/26/2021,,,,8,,3,,0
2/27/2021,,,,9,,0,,0
2/28/2021,1,2,1.39,10,,1,,0
3/1/2021,,,,14,,2,,2
3/2/2021,2,2,2.03,11,,1,,1
3/3/2021,,,,14,,1,,1
3/4/2021,,,,14,,5,,0
3/5/2021,,,,10,,1,,0
3/6/2021,,,,14,,0,,0
3/7/2021,8,8,7.75,7,,0,,3
3/8/2021,,,,16,,2,,3
3/9/2021,17,17,17.89,14,,1,,3
3/10/2021,,,,14,,1,,4
3/11/2021,,,,20,,2,,0
3/12/2021,,,,18,,3,,0
3/13/2021,,,,10,,0,,1
3/14/2021,5,5,4.70,6,,0,,1
3/15/2021,,,,21,,2,,0
3/16/2021,7,10,8.56,15,,1,,0
3/17/2021,,,,21,,6,,0
3/18/2021,,,,21,,0,,2
3/19/2021,,,,18,,1,,1
3/20/2021,,,,6,,0,,0
3/21/2021,6,6,5.96,12,,0,,0
3/22/2021,,,,16,,2,,0
3/23/2021,7,10,8.41,14,,2,,0
3/24/2021,,,,12,,0,,1
3/25/2021,,,,18,,2,,0
3/26/2021,,,,22,,1,,0
3/27/2021,,,,12,,0,,2
3/28/2021,9,10,9.11,11,,0,,2
3/29/2021,,,,14,,2,,1
3/30/2021,6,6,5.94,18,,2,,1
3/31/2021,,,,9,,1,,3
4/1/2021,,,,15,,1,,1
4/2/2021,,,,20,,0,,6
4/3/2021,,,,19,,1,,1
4/4/2021,12,7,10.51,11,,0,,0
4/5/2021,,,,24,,3,,4
4/6/2021,5,5,5.48,19,,4,,5
4/7/2021,,,,14,,3,,2
4/8/2021,,,,17,,2,,2
4/9/2021,,,,18,,4,,1
4/10/2021,,,,5,,2,,3
4/11/2021,21,20,20.75,5,,0,,3
4/12/2021,,,,22,,5,,10
4/13/2021,17,20,19.63,22,,2,,4
4/14/2021,,,,15,,1,,2
4/15/2021,,,,23,,5,,3
4/16/2021,,,,21,,4,,7
4/17/2021,,,,6,,0,,3
4/18/2021,8.00,9,8.64,6,,0,,3
4/19/2021,,,,25,,2,,3
4/20/2021,10,9,9.96,19,,2,,7
4/21/2021,,,,21,,0,,3
4/22/2021,,,,14,,1,,3
4/23/2021,,,,24,,0,,6
4/24/2021,,,,8,,0,,2
4/25/2021,1,1,1.02,9,,1,,3
4/26/2021,,,,23,,1,,3
4/27/2021,13,13,14.40,17,,1,,5
4/28/2021,,,,13,,2,,3
4/29/2021,,,,16,,4,,2
4/30/2021,,,,14,,1,,0
5/1/2021,,,,8,,0,,0
5/2/2021,,,,6,,1,,0
5/3/2021,4,4,4.48,16,,3,,3
5/4/2021,,,,13,,0,,2
5/5/2021,4,7,5.99,15,,0,,4
5/6/2021,,,,7,,0,,0
5/7/2021,,,,14,,2,,6
5/8/2021,,,,9,,0,,3
5/9/2021,2,2,2.03,5,,0,,2
5/10/2021,,,,17,,0,,0
5/11/2021,1,1,1.08,8,,1,,2
5/12/2021,,,,10,,0,,4
5/13/2021,,,,12,,0,,0
5/14/2021,,,,5,,0,,3
5/15/2021,,,,3,,0,,0
5/16/2021,2,2,2.00,9,,1,,0
5/17/2021,,,,11,,2,,0
5/18/2021,6,5,5.84,9,,0,,0
5/19/2021,,,,4,,0,,0
5/20/2021,,,,3,,0,,0
5/21/2021,,,,4,,0,,0
5/22/2021,,,,4,,0,,0
5/23/2021,1,1,1.15,2,,0,,0
5/24/2021,,,,3,,0,,0
5/25/2021,2,2,2.48,5,0,0,,0
5/26/2021,,,,7,,0,,0
5/27/2021,,,,2,,0,,0
5/28/2021,,,,1,,0,,0
5/29/2021,,,,5,,0,,0
5/30/2021,,,,5,,0,,0
5/31/2021,1,1,0.96,1,,0,,1
6/1/2021,2,2,2.26,6,0,0,,0
6/2/2021,,,,0,,0,,0
6/3/2021,1,1,1.16,2,,0,,0
6/4/2021,,,,3,,0,,0
6/5/2021,,,,1,,0,,0
6/6/2021,0,1,0.54,3,,0,,0
6/7/2021,,,,3,,0,,0
6/8/2021,2,1,1.73,1,0,0,,0
6/9/2021,,,,5,,0,,0
6/10/2021,,,,0,,0,,0
6/11/2021,,,,1,,0,,0
6/12/2021,,,,1,,0,,0
6/13/2021,1,0,0.53,2,,1,,0
6/14/2021,,,,1,,0,,0
6/15/2021,1,1,1.31,1,1.5,1,1.5,0
6/16/2021,,,,3,,0,,0
6/17/2021,2,2,2.34,2,,0,,0
6/18/2021,,,,1,,0,,0
6/19/2021,,,,2,,3,,0
6/20/2021,1,0,0.53,0,,0,,0
6/21/2021,0,1,0.55,0,,0,,0
6/22/2021,0,0,0.00,1,3,2,2.5,0
6/23/2021,,,,0,,0,,0
6/24/2021,0,0,0.00,4,,0,,1
6/25/2021,,,,3,,1,,0
6/26/2021,,,,0,,0,,0
6/27/2021,0,0,0.00,1,,0,,0
6/28/2021,,,,1,,0,,0
6/29/2021,1,2,1.85,0,1,0,1.5,0
6/30/2021,,,,1,,1,,0
7/1/2021,1,1,1.16,5,,0,,0
7/2/2021,,,,1,,1,,0
7/3/2021,,,,2,,0,,1
7/4/2021,,,,0,,0,,0
7/5/2021,1,1,1.07,4,,0,,0
7/6/2021,1,1,1.17,3,0,0,1,0
7/7/2021,,,,2,,0,,0
7/8/2021,3,3,3.43,2,,0,,0
7/9/2021,,,,10,,1,,0
7/10/2021,,,,3,,0,,0
7/11/2021,3,4,3.76,1,,0,,0
7/12/2021,3,3,3.44,3,,0,,0
7/13/2021,0,1,0.57,2,9,0,0,0
7/14/2021,,,,1,,0,,0
7/15/2021,2,1,1.71,6,,0,,0
7/16/2021,,,,5,,0,,0
7/17/2021,,,,4,,1,,0
7/18/2021,13,18,16.47,1,,0,,0
7/19/2021,8,6,7.83,7,,0,,1
7/20/2021,6,6,6.79,7,20.5,1,,0
7/21/2021,,,,9,,1,,0
7/22/2021,3,3,3.38,7,,1,,3
7/23/2021,,,,16,,2,,0
7/24/2021,,,,7,,0,,0
7/25/2021,4,5,4.63,5,,0,,1
7/26/2021,8,8,8.86,11,,0,,0
7/27/2021,6,6,7.13,13,4,1,1.5,0
7/28/2021,,,,19,,1,,0
7/29/2021,2,1,1.73,33,,0,,0
7/30/2021,,,,21,,1,,0
7/31/2021,,,,12,,0,,0
8/1/2021,7,8,7.69,9,,0,,0
8/2/2021,7,7,7.67,27,,0,,0
8/3/2021,8,10,9.89,35,0.5,1,7,0
8/4/2021,,,,31,,2,,0
8/5/2021,11,14,13.64,36,,2,,0
8/6/2021,,,,34,,0,,0
8/7/2021,,,,19,,0,,2
8/8/2021,9,9,9.96,11,,0,,0
8/9/2021,14,13,16.74,43,,1,,1
8/10/2021,17,19,21.42,51,21,6,12,3
8/11/2021,,,,38,,1,,3
8/12/2021,,,,47,,1,,0
8/13/2021,,,,39,,6,,3
8/14/2021,,,,26,,3,,0
8/15/2021,23,23,23.59,23,,0,,0
8/16/2021,18,19,19.83,78,,4,,8
8/17/2021,24,28,29.02,53,24,6,27,3
8/18/2021,,,,47,,8,,1
8/19/2021,39,39,45.47,48,,3,,4
8/20/2021,,,,26,,2,,4
8/21/2021,,,,27,,1,,1
8/22/2021,24,22,24.00,10,,0,,1
8/23/2021,15,17,18.04,69,,8,,2
8/24/2021,15,17,18.65,58,31,6,22.5,4
8/25/2021,,,,42,,1,,3
8/26/2021,23,22,25.56,47,,4,,1
8/27/2021,,,,47,,4,,1
8/28/2021,,,,30,,3,,0
8/29/2021,15,17,20.34,9,,0,,3
8/30/2021,12,13,16.80,65,,7,,10
8/31/2021,18,18,22.96,50,30.5,4,9,2
9/1/2021,,,,48,,4,,3
9/2/2021,15,14,16.91,31,,1,,1
9/3/2021,,,,46,,5,,5
9/4/2021,,,,31,,0,,2
9/5/2021,,,,23,,2,,1
9/6/2021,17,17,19.49,27,,4,,2
9/7/2021,13,14,15.84,49,19.5,2,20,2
9/8/2021,9,9,10.55,42,,6,,2
9/9/2021,,,,59,,5,,3
9/10/2021,,,,50,,2,,4
9/11/2021,,,,20,,2,,1
9/12/2021,11,10,11.52,44,,0,,4
9/13/2021,4,4,4.83,55,,0,,3
9/14/2021,4,4,4.69,61,10,4,9,4
9/15/2021,,,,68,,7,,5
9/16/2021,13,14,15.54,65,,2,,7
9/17/2021,,,,60,,2,,8
9/18/2021,,,,31,,4,,2
9/19/2021,18,16,18.70,28,,1,,3
9/20/2021,13,15,16.63,72,,2,,5
9/21/2021,9,9,10.23,61,16.5,2,2.5,0
9/22/2021,,,,67,,4,,3
9/23/2021,11,11,12.55,46,,5,,1
9/24/2021,,,,45,,4,,4
9/25/2021,,,,50,,6,,1
9/26/2021,15,18,17.71,35,,3,,1
9/27/2021,19,20,22.12,72,,14,,1
9/28/2021,4,5,5.13,70,26,1,2,1
9/29/2021,,,,84,,3,,8
9/30/2021,26,23,28.33,72,,5,,2
10/1/2021,,,,87,,4,,5
10/2/2021,,,,35,,3,,2
10/3/2021,17,15,17.48,42,,3,,2
10/4/2021,29,30,34.32,77,,12,,4
10/5/2021,23,26,28.60,67,40,5,8,3
10/6/2021,,,,70,,12,,5
10/7/2021,36,35,41.88,68,,13,,6
10/8/2021,,,,60,,14,,6
10/9/2021,,,,40,,8,,5
10/10/2021,10,10,11.42,30,,3,,1
10/11/2021,18,15,19.37,61,,20,,4
10/12/2021,9,10,11.08,65,21.5,7,13.5,2
10/13/2021,,,,53,,2,,2
10/14/2021,5,4,5.39,44,,4,,0
10/15/2021,,,,31,,8,,2
10/16/2021,,,,26,,3,,0
10/17/2021,10,8,9.71,22,,4,,1
10/18/2021,2,2,2.26,43,,10,,5
10/19/2021,12,15,15.34,52,29.5,9,2.5,1
10/20/2021,,,,49,,6,,4
10/21/2021,17,15,18.10,36,,16,,3
10/22/2021,,,,37,,5,,2
10/23/2021,,,,35,,6,,1
10/24/2021,22,24,25.02,27,,4,,6
10/25/2021,6,6,6.80,87,,5,,8
10/26/2021,19,19,21.57,72,28,5,9,6
10/27/2021,,,,61,,9,,6
10/28/2021,31,29,35.58,54,,7,,8
10/29/2021,,,,74,,7,,10
10/30/2021,,,,42,,2,,3
10/31/2021,14,14,14.93,29,,6,,5
11/1/2021,25,25,27.53,95,,10,,11
11/2/2021,32,32,35.99,65,46,9,40,8
11/3/2021,,,,67,,5,,9
11/4/2021,34,36,38.50,87,,9,,16
11/5/2021,,,,92,,5,,10
11/6/2021,,,,55,,2,,4
11/7/2021,28,27,29.74,29,,2,,3
11/8/2021,38,41,42.57,118,,4,,9
11/9/2021,49,53,55.73,108,187.5,8,33,12
11/10/2021,,,,108,,13,,7
11/11/2021,77,69,89.12,112,,10,,5
11/12/2021,,,,84,,13,,10
11/13/2021,,,,40,,5,,4
11/14/2021,51,43,50.93,54,,2,,3
11/15/2021,35,34,38.48,145,,10,,8
11/16/2021,43,39,46.10,123,37.5,11,84,9
11/17/2021,,,,108,,10,,17
11/18/2021,9,10,10.70,122,,9,,9
11/19/2021,,,,103,,8,,5
11/20/2021,,,,59,,7,,6
11/21/2021,27,28,29.37,50,,3,,7
11/22/2021,28,30,31.57,131,,11,,16
11/23/2021,114,117,127.45,95,47,7,189,5
11/24/2021,,,,106,,13,,10
11/25/2021,32,30,31.46,30,,4,,0
11/26/2021,,,,88,,7,,15
11/27/2021,,,,79,,4,,8
11/28/2021,64,56,62.82,62,,10,,3
11/29/2021,81,77,86.47,111,,12,,9
11/30/2021,108,118,123.79,149,72,6,92.5,13
12/1/2021,,,,139,,16,,9
12/2/2021,33,33,36.00,105,,7,,10
12/3/2021,,,,92,,7,,17
12/4/2021,,,,55,,6,,4
12/5/2021,66,66,69.56,34,,4,,5
12/6/2021,39,39,43.01,122,,4,,6
12/7/2021,58,66,67.16,75,19,4,52,9
12/8/2021,,,,69,,4,,6
12/9/2021,137,144,153.69,73,,4,,7
12/10/2021,,,,43,,0,,8
12/11/2021,,,,32,,3,,8
12/12/2021,52,43,49.73,34,,2,,1
12/13/2021,43,39,44.36,69,,8,,8
12/14/2021,58,57,62.90,73,22,2,40.5,7
12/15/2021,,,,56,,2,,8
12/16/2021,7,6,7.58,61,,1,,4
12/17/2021,,,,53,,1,,5
12/18/2021,,,,39,,1,,2
12/19/2021,27,26,28.08,44,,4,,3
12/20/2021,15,16,17.35,91,,5,,2
12/21/2021,53,54,58.75,67,41,6,59.5,3
12/22/2021,,,,91,,12,,4
12/23/2021,100,87,104.92,83,,9,,2
12/24/2021,,,,36,,3,,2
12/25/2021,,,,9,,0,,0
12/26/2021,55,50,52.72,79,,4,,5
12/27/2021,85,81,88.57,172,,15,,7
12/28/2021,125,125,134.08,193,95.5,11,154.5,16
12/29/2021,,,,218,,31,,19
12/30/2021,185,175,192.22,241,,17,,16
12/31/2021,,,,75,,3,,1
1/1/2022,,,,16,,4,,0
1/2/2022,140,144,144.85,162,,8,,8
1/3/2022,216,216,239.08,388,,31,,14
1/4/2022,308,304,333.34,552,141,23,303.5,28
1/5/2022,,,,572,,17,,26
1/6/2022,108,110,117.63,647,,40,,31
1/7/2022,,,,479,,22,,28
1/8/2022,,,,347,,19,,17
1/9/2022,102,98,103.79,276,,10,,12
1/10/2022,191,188,202.07,594,,32,,26
1/11/2022,46,51,52.62,557,207.5,35,295.5,42
1/12/2022,,,,533,,32,,36
1/13/2022,152,146,159.76,562,,24,,26
1/14/2022,,,,414,,38,,27
1/15/2022,,,,285,,23,,22
1/16/2022,143,143,144.93,240,,20,,9
1/17/2022,219,221,236.16,468,,33,,31
1/18/2022,97,102,107.86,427,172.5,27,213.5,40
1/19/2022,,,,348,,23,,13
1/20/2022,106,103,109.97,286,,23,,18
1/21/2022,,,,223,,22,,15
1/22/2022,,,,142,,8,,15
1/23/2022,95,91,93.42,114,,13,,8
1/24/2022,113,118,121.73,282,,8,,18
1/25/2022,98,95,99.54,209,150.5,21,162.5,13
1/26/2022,,,,150,,10,,12
1/27/2022,16,15,16.68,190,,12,,15
1/28/2022,,,,166,,4,,6
1/29/2022,,,,90,,6,,10
1/30/2022,18,18,18.55,72,,9,,3
1/31/2022,11,11,11.86,180,,11,,15
2/1/2022,7,7,7.58,140,,6,,10
2/2/2022,,,,120,,6,,7
2/3/2022,54,50,55.27,97,,9,,5
2/4/2022,,,,76,,4,,7
2/5/2022,,,,36,,6,,2
2/6/2022,68,63,65.86,45,,2,,4
2/7/2022,54,51,55.21,113,,12,,8
2/8/2022,27,27,28.23,77,47,3,71,9
2/9/2022,,,,89,,7,,13
2/10/2022,46,40,44.58,78,,2,,8
2/11/2022,,,,68,,1,,3
2/12/2022,,,,44,,2,,4
2/13/2022,20,21,20.32,53,,0,,0
2/14/2022,14,15,14.82,56,,3,,5
2/15/2022,24,24,24.81,65,27,8,46,3
2/16/2022,,,,65,,6,,2
2/17/2022,28,25,27.02,52,,2,,3
2/18/2022,,,,53,,0,,0
2/19/2022,,,,29,,0,,0
2/20/2022,7,6,6.44,9,,0,,0
2/21/2022,7,6,6.70,65,,6,,2
2/22/2022,13,15,14.35,49,10,2,7,5
2/23/2022,,,,37,,4,,2
2/24/2022,28,26,27.88,40,,6,,1
2/25/2022,,,,30,,4,,1
2/26/2022,,,,27,,1,,1
2/27/2022,7,5,6.08,6,,3,,1
2/28/2022,15,15,15.98,62,,7,,3
3/1/2022,14,15,15.74,39,12.5,2,12.5,4
3/2/2022,,,,34,,3,,0
3/3/2022,17,17,17.58,32,,3,,1
3/4/2022,,,,24,,1,,2
3/5/2022,,,,15,,1,,2
3/6/2022,6,5,6.07,7,,0,,1
3/7/2022,7,8,8.17,38,,3,,2
3/8/2022,4,5,4.85,23,6.5,1,2,2
3/9/2022,,,,29,,1,,0
3/10/2022,2,2,2.16,19,,0,,0
3/11/2022,,,,21,,5,,2
3/12/2022,,,,22,,0,,0
3/13/2022,5,5,5.07,4,,0,,1
3/14/2022,4,3,3.86,31,,2,,1
3/15/2022,7,6,7.17,30,2,0,3,2
3/16/2022,,,,30,,0,,0
3/17/2022,10,10,11.27,18,,2,,3
3/18/2022,,,,18,,3,,0
3/19/2022,,,,15,,2,,1
3/20/2022,1,1,1.06,5,,0,,0
3/21/2022,13,13,14.18,58,,3,,2
3/22/2022,13,14,14.84,28,6.5,0,10.5,2
3/23/2022,,,,41,,0,,2
3/24/2022,22,19,23.28,28,,0,,0
3/25/2022,,,,27,,1,,3
3/26/2022,,,,22,,0,,1
3/27/2022,29,30,30.12,6,,1,,0
3/28/2022,25,27,27.31,41,,2,,3
3/29/2022,27,25,27.50,46,8.5,0,19.5,5
3/30/2022,,,,26,,2,,1
3/31/2022,33,32,35.48,15,,1,,3
4/1/2022,,,,37,,1,,1
4/2/2022,,,,18,,0,,0
4/3/2022,15,16,16.53,3,,0,,0
4/4/2022,9,8,9.21,44,,2,,2
4/5/2022,25,26,28.70,38,5.5,0,24,4
4/6/2022,,,,30,,2,,4
4/7/2022,17,17,19.54,35,,0,,3
4/8/2022,,,,24,,2,,0
4/9/2022,,,,19,,0,,1
4/10/2022,48,46,49.09,9,,0,,1
4/11/2022,32,33,35.55,74,,5,,11
4/12/2022,24,25,27.35,51,7.5,2,58,4
4/13/2022,,,,56,,3,,6
4/14/2022,22,20,25.27,40,,2,,4
4/15/2022,,,,45,,2,,4
4/16/2022,,,,27,,1,,2
4/17/2022,40,39,41.83,7,,0,,1
4/18/2022,35,32,37.71,64,,12,,6
4/19/2022,36,39,42.02,64,13,2,42.5,4
4/20/2022,,,,71,,1,,8
4/21/2022,17,19,20.40,82,,1,,7
4/22/2022,,,,71,,0,,4
4/23/2022,,,,29,,1,,2
4/24/2022,23,25,27.79,9,,0,,1
4/25/2022,17,15,18.52,99,,2,,5
4/26/2022,17,17,19.54,86,19,0,13,2
4/27/2022,,,,78,,5,,3
4/28/2022,35,32,37.51,81,,4,,4
4/29/2022,,,,95,,0,,2
4/30/2022,,,,41,,1,,1
5/1/2022,16,16,20.75,21,,3,,0
5/2/2022,18,18,22.66,155,,2,,2
5/3/2022,13,14,16.59,111,7,1,12,5
5/4/2022,,,,110,,6,,9
5/5/2022,71,67,82.43,117,,7,,4
5/6/2022,,,,82,,2,,3
5/7/2022,,,,41,,0,,4
5/8/2022,53,51,57.65,30,,1,,0
5/9/2022,37,40,46.56,134,,3,,6
5/10/2022,34,33,40.82,113,28.5,2,39.5,8
5/11/2022,,,,98,,7,,9
5/12/2022,18,18,22.66,96,,6,,5
5/13/2022,,,,70,,1,,2
5/14/2022,,,,33,,0,,4
5/15/2022,71,68,77.15,20,,2,,1
5/16/2022,41,42,41.90,105,,4,,4
5/17/2022,31,30,34.37,88,3,3,44,3
5/18/2022,,,,73,,5,,5
5/19/2022,55,54,67.35,68,,2,,2
5/20/2022,,,,62,,3,,7
5/21/2022,,,,22,,2,,2
5/22/2022,29,31,33.35,14,,1,,1
5/23/2022,42,45,50.81,96,,3,,3
5/24/2022,38,37,43.55,63,,3,53,2
5/25/2022,,,,59,,2,,4
5/26/2022,32,29,41.11,65,,3,,4
5/27/2022,,,,66,,0,,5
5/28/2022,,,,23,,1,,0
5/29/2022,,,,8,,2,,2
5/30/2022,18,22,24.19,16,,0,,0
5/31/2022,7,7,8.59,126,18.5,5,16,6
6/1/2022,,,,62,,2,,6
6/2/2022,69,71,83.41,46,,6,,2
6/3/2022,,,,49,,1,,5
6/4/2022,,,,26,,1,,2
6/5/2022,48,47,51.98,19,,3,,0
6/6/2022,50,52,61.25,68,,3,,4
6/7/2022,58,58,67.93,51,83,4,17.5,5
6/8/2022,,,,55,,6,,5
6/9/2022,40,38,46.02,55,,1,,2
6/10/2022,,,,54,,0,,2
6/11/2022,,,,15,,1,,2
6/12/2022,23,22,24.32,21,,0,,0
6/13/2022,15,17,21.17,59,,1,,2
6/14/2022,23,25,30.92,46,38,0,18.5,1
6/15/2022,,,,52,,3,,2
6/16/2022,3,3,3.73,60,,2,,1
6/17/2022,,,,49,,0,,1
6/18/2022,,,,12,,2,,0
6/19/2022,13,13,14.00,15,,1,,1
6/20/2022,7,8,9.04,66,,0,,2
6/21/2022,8,9,10.24,41,2.5,0,4.5,0
6/22/2022,,,,40,,0,,2
6/23/2022,22,22,25.47,41,,2,,0
6/24/2022,,,,30,,1,,2
6/25/2022,,,,7,,0,,0
6/26/2022,20,22,22.88,14,,1,,1
6/27/2022,7,8,8.80,60,,5,,4
6/28/2022,23,24,27.74,40,5.5,1,28,1
6/29/2022,,,,51,,3,,3
6/30/2022,18,16,20.24,40,,0,,3
7/1/2022,,,,40,,3,,2
7/2/2022,,,,6,,1,,2
7/3/2022,,,,22,,0,,0
7/4/2022,23,25,25.64,11,,0,,1
7/5/2022,16,17,20.07,84,0.5,4,7,4
7/6/2022,,,,54,,4,,2
7/7/2022,35,35,41.63,47,,4,,0
7/8/2022,,,,44,,4,,0
7/9/2022,,,,15,,0,,0
7/10/2022,39,41,43.34,20,,0,,0
7/11/2022,23,24,27.90,71,,3,,4
7/12/2022,32,32,37.25,52,12.5,6,23.5,0
7/13/2022,,,,60,,2,,4
7/14/2022,52,55,61.62,45,,5,,3
7/15/2022,,,,41,,2,,4
7/16/2022,,,,11,,1,,0
7/17/2022,24,26,26.89,19,,0,,1
7/18/2022,27,27,31.41,61,,6,,5
7/19/2022,26,29,32.16,67,32.5,2,42.5,2
7/20/2022,,,,52,,1,,2
7/21/2022,23,27,27.92,47,,1,,0
7/22/2022,,,,40,,0,,1
7/23/2022,,,,15,,0,,0
7/24/2022,15,16,18.04,13,,1,,0
7/25/2022,22,24,25.91,77,,1,,8
7/26/2022,14,14,16.31,70,56,3,32,2
7/27/2022,,,,50,,1,,2
7/28/2022,32,31,37.02,48,,5,,1
7/29/2022,,,,51,,0,,4
7/30/2022,,,,14,,0,,0
7/31/2022,16,14,16.01,17,,0,,0
8/1/2022,12,15,15.23,81,,1,,6
8/2/2022,8,9,9.85,44,8,4,22.5,3
8/3/2022,,,,48,,1,,4
8/4/2022,26,30,32.08,44,,2,,1
8/5/2022,,,,39,,1,,0
8/6/2022,,,,10,,0,,0
8/7/2022,23,23,26.51,11,,1,,1
8/8/2022,32,36,40.28,49,,4,,4
8/9/2022,29,30,34.32,60,37,2,30.5,4
8/10/2022,,,,56,,1,,4
8/11/2022,38,38,45.73,52,,1,,3
8/12/2022,,,,43,,0,,1
8/13/2022,,,,14,,1,,0
8/14/2022,12,11,12.26,9,,0,,0
8/15/2022,19,21,22.89,53,,0,,8
8/16/2022,14,14,16.07,45,14.5,1,22.5,3
8/17/2022,,,,43,,1,,5
8/18/2022,32,34,38.15,29,,3,,3
8/19/2022,,,,23,,1,,4
8/20/2022,,,,5,,0,,0
8/21/2022,12,11,12.40,12,,1,,0
8/22/2022,46,47,54.06,41,,6,,3
8/23/2022,26,30,32.03,34,13,1,29.5,1
8/24/2022,,,,34,,4,,2
8/25/2022,28,32,34.62,43,,0,,1
8/26/2022,,,,26,,3,,2
8/27/2022,,,,9,,0,,0
8/28/2022,16,17,20.56,12,,0,,0
8/29/2022,19,21,25.51,44,,4,,2
8/30/2022,16,19,21.11,36,16.5,3,8,0
8/31/2022,,,,31,,0,,1
9/1/2022,15,18,20.10,25,,1,,1
9/2/2022,,,,25,,1,,0
9/3/2022,,,,9,,0,,0
9/4/2022,9,9,9.19,12,,1,,0
9/5/2022,6,4,5.49,4,,0,,0
9/6/2022,,,,43,,1,,2
9/7/2022,,,,28,,2,,2
9/8/2022,26,25,29.32,20,,1,,2
9/9/2022,,,,21,,1,,0
9/10/2022,,,,7,,1,,2
9/11/2022,,,,3,,0,,0
9/12/2022,13,11,13.34,38,,0,,1
9/13/2022,20,18,21.30,34,13,1,9.5,1
9/14/2022,,,,22,,1,,0
9/15/2022,24,23,26.28,23,,3,,3
9/16/2022,,,,22,,0,,0
9/17/2022,,,,11,,2,,0
9/18/2022,56,57,59.28,6,,0,,0
9/19/2022,19,19,21.09,47,,3,,0
9/20/2022,,,,40,79.5,0,15.5,4
9/21/2022,,,,24,,1,,1
9/22/2022,,,,31,,1,,2
9/23/2022,,,,21,,1,,0
9/24/2022,,,,7,,0,,0
9/25/2022,45,45,45.92,12,,0,,1
9/26/2022,19,17,20.06,38,,2,,2
9/27/2022,39,38,41.52,25,17,2,34,2
9/28/2022,,,,35,,6,,1
9/29/2022,,,,28,,3,,1
9/30/2022,,,,30,,1,,1
10/1/2022,,,,4,,1,,0
10/2/2022,36,34,35.27,12,,0,,0
10/3/2022,42,39,42.90,37,,4,,4
10/4/2022,20,22,22.22,27,22,4,47.5,0
10/5/2022,,,,23,,0,,1
10/6/2022,36,28,33.23,26,,3,,2
10/7/2022,,,,25,,2,,1
10/8/2022,,,,9,,0,,0
10/9/2022,33,30,31.18,14,,1,,0
10/10/2022,31,31,32.03,34,,1,,3
10/11/2022,42,40,42.40,34,12,1,21.5,0
10/12/2022,,,,25,,1,,1
10/13/2022,8,8,8.25,27,,1,,4
10/14/2022,,,,23,,1,,1
10/15/2022,,,,16,,1,,0
10/16/2022,7,7,6.78,4,,0,,2
10/17/2022,27,25,26.70,25,,5,,2
10/18/2022,62,57,61.13,23,55,0,36,1
10/19/2022,,,,20,,0,,1
10/20/2022,15,14,14.97,22,,2,,0
10/21/2022,,,,16,,1,,3
10/22/2022,,,,11,,0,,1
10/23/2022,21,19,19.37,10,,0,,1
10/24/2022,48,45,47.92,27,,4,,1
10/25/2022,36,33,35.15,25,22,6,22.5,2
10/26/2022,,,,19,,2,,1
10/27/2022,17,18,17.59,13,,3,,2
10/28/2022,,,,17,,0,,1
10/29/2022,,,,16,,1,,0
10/30/2022,21,17,17.74,6,,0,,0
10/31/2022,63,62,60.53,19,,2,,0
11/1/2022,39,35,36.65,18,142.5,3,18,0
11/2/2022,,,,23,,1,,2
11/3/2022,5,4,4.45,14,,1,,0
11/4/2022,,,,20,,0,,0
11/5/2022,,,,5,,0,,0
11/6/2022,55,56,55.38,7,,0,,0
11/7/2022,53,46,48.90,27,,1,,0
11/8/2022,61,59,60.33,23,50.5,2,,0
11/9/2022,,,,23,,2,,2
11/10/2022,,,,20,,1,,1
11/11/2022,,,,17,,0,,0
11/12/2022,,,,11,,0,,0
11/13/2022,,,,14,,0,,0
11/14/2022,60,59,60.19,22,,0,,3
11/15/2022,55,54,54.65,23,40.5,2,55.5,3
11/16/2022,,,,20,,0,,2
11/17/2022,33,31,32.01,29,,0,,2
11/18/2022,,,,34,,1,,2
11/19/2022,,,,9,,0,,0
11/20/2022,102,103,99.99,4,,1,,2
11/21/2022,114,111,113.77,28,,0,,3
11/22/2022,79,77,78.90,27,59,0,29,0
11/23/2022,,,,23,,1,,4
11/24/2022,,,,10,,1,,0
11/25/2022,,,,27,,2,,0
11/26/2022,,,,12,,0,,0
11/27/2022,45,41,40.83,10,,1,,2
11/28/2022,88,88,88.70,29,,4,,1
11/29/2022,131,124,140.80,30,97.5,0,40.5,2
11/30/2022,,,,26,,3,,3
12/1/2022,24,20,21.63,21,,4,,1
12/2/2022,,,,24,,3,,1
12/3/2022,,,,7,,1,,0
12/4/2022,54,58,53.16,5,,0,,0
12/5/2022,55,55,54.83,21,,3,,2
12/6/2022,58,51,54.15,33,50,6,14,0
12/7/2022,,,,17,,4,,0
12/8/2022,92,101,94.96,25,,3,,0
12/9/2022,,,,32,,1,,0
12/10/2022,,,,8,,0,,0
12/11/2022,70,72,66.40,10,,0,,0
12/12/2022,43,51,45.61,19,,3,,0
12/13/2022,33,32,32.26,11,55.5,2,34.5,0
12/14/2022,,,,20,,4,,0
12/15/2022,32,34,32.71,25,,2,,1
12/16/2022,,,,12,,0,,0
12/17/2022,,,,6,,1,,1
12/18/2022,70,74,67.51,9,,1,,0
12/19/2022,61,61,59.11,30,,1,,0
12/20/2022,50,49,48.32,24,,0,116,3
12/21/2022,,,,20,,2,,0
12/22/2022,,,,15,,0,,0
12/23/2022,,,,13,,1,,1
12/24/2022,,,,12,,0,,0
12/25/2022,,,,12,,0,,0
12/26/2022,88,89,81.19,18,,0,,0
12/27/2022,78,77,76.12,20,66,2,95.5,2
